USE [TestDBExibition];
GO

INSERT INTO [AddressSet] (city,street,house,apartment)
VALUES
  ('Almería','Ap #268-1444 Purus, St.',10,315),
  ('Acacías','416-3703 Lacus. St.',27,329),
  ('Mataró','Ap #802-1225 Sit Street',32,70),
  ('Romeral','4079 Sagittis St.',29,147),
  ('Blackwood','3908 Enim Avenue',44,203),
  ('Zaria','Ap #383-2596 Arcu Ave',23,325),
  ('Arequipa','Ap #865-2826 Magna. Avenue',10,399),
  ('Córdoba','P.O. Box 566, 522 Curabitur Road',19,134),
  ('Limburg a.d. Lahn','616-9424 Eu, Avenue',9,0),
  ('Haisyn','3064 Suspendisse Rd.',22,163),
  ('Kamianske','P.O. Box 587, 2234 Scelerisque St.',43,137),
  ('Mokpo','Ap #961-2629 Placerat Street',35,215),
  ('Pskov','Ap #900-9348 Euismod Rd.',45,300),
  ('Yogyakarta','991-9267 Enim, Rd.',34,119),
  ('Göttingen','Ap #388-3005 Luctus Road',43,31),
  ('Sandviken','Ap #349-2040 Ultricies Rd.',22,306),
  ('Santa Coloma de Gramenet','819-7643 A, St.',12,163),
  ('Marikina','900-501 Dignissim. St.',7,223),
  ('Singapore River','140 Nullam St.',6,380),
  ('Huancayo','P.O. Box 505, 1130 Tempus Av.',16,158),
  ('Rock Springs','6083 Urna. St.',1,134),
  ('Millesimo','207-3716 Nunc Rd.',20,78),
  ('Uddevalla','445-9963 Est. Road',11,126),
  ('Lauro de Freitas','Ap #786-3348 Nisi Av.',43,232),
  ('Hamme-Mille','Ap #647-9777 Suspendisse St.',29,365),
  ('Baguio','P.O. Box 366, 4259 Adipiscing. Street',12,245);

INSERT INTO [OwnerSet] (last_name,first_name,middle_name,id_home_address,telephone)
VALUES
  ('Rodgers','Barrett','Seth',1004,'+380 (75) 653-22-32'),
  ('Huffman','Sheila','Leo',1001,'+380 (26) 284-62-66'),
  ('Stout','Rebecca','Forrest',1003,'+380 (63) 938-28-23'),
  ('Montgomery','Hope','Cole',1006,'+380 (61) 634-50-96'),
  ('Meyers','Aladdin','Walker',1000,'+380 (25) 597-87-04'),
  ('Maddox','Vance','Lionel',1005,'+380 (60) 714-62-34'),
  ('Parker','Steel','Myles',1007,'+380 (74) 570-53-44'),
  ('Monroe','Ruth','Omar',1008,'+380 (01) 844-68-84'),
  ('Peck','Gage','Felix',1009,'+380 (24) 284-47-30'),
  ('Fleming','Thaddeus','Adrian',1010,'+380 (05) 361-73-28'),
  ('Joseph','Ciara','Wing',1012,'+380 (14) 121-11-88'),
  ('Ward','Hadassah','Ulysses',1011,'+380 (16) 174-26-78'),
  ('Albert','Dennis','Jin',1014,'+380 (82) 116-92-34'),
  ('Cunningham','Sade','Bevis',1013,'+380 (28) 115-37-14'),
  ('Peterson','Mohammad','Jarrod',1015,'+380 (81) 033-65-24'),
  ('Velazquez','Sage','Emmanuel',1016,'+380 (84) 513-64-18'),
  ('Nichols','Kristen','Yuli',1018,'+380 (42) 342-96-20'),
  ('Foley','Quinn','Gregory',1017,'+380 (23) 912-14-41'),
  ('Quinn','Rhona','Marvin',1019,'+380 (04) 134-41-75'),
  ('Navarro','Joelle','Ray',1018,'+380 (16) 463-81-88'),
  ('Wyatt','Quentin','Emery',1020,'+380 (51) 285-88-43');

INSERT INTO [CompanySet] (id_company,[name],id_physical_address,id_owner)
VALUES
  ('F1','Ipsum Primis LLP',1002,1),
  ('F2','Ac Turpis Egestas Institute',1000,2),
  ('F3','Eget Lacus Corp.',1014,3),
  ('F4','Aliquet LLP',1010,4),
  ('F5','Fermentum Fermentum PC',1001,5),
  ('F6','Erat Incorporated',1003,6),
  ('F7','Sed Congue Foundation',1017,7),
  ('F8','Ut Aliquam Foundation',1011,8),
  ('F9','Leo Ltd',1012,9),
  ('F10','Id Erat LLP',1013,10),
  ('F11','Vitae Purus Corporation',1015,11),
  ('F12','Nulla Ante Iaculis Corporation',1018,12),
  ('F13','Est Corp.',1020,13),
  ('F14','Venenatis A Consulting',1009,14),
  ('F15','Rhoncus Proin Nisl Industries',1008,15),
  ('F16','Urna Nullam Institute',1006,16),
  ('F17','Ut Nec Urna Corp.',1005,17),
  ('F18','Sit Company',1004,18),
  ('F19','Rutrum Magna Limited',1007,19),
  ('F20','Nec Tempus Ltd',1000,20),
  ('F21','Auctor Ullamcorper Nisl Company',1002,21);

INSERT INTO [ProductsSet] (id_products,id_company,product_type,quantity,unit_price)
VALUES
  ('P1','F1','sandwiches',0,'16.45'),
  ('P2','F2','salads',1081,'77.61'),
  ('P3','F3','soups',2068,'78.32'),
  ('P4','F4','cereals',7853,'94.39'),
  ('P5','F5','pies',10827,'97.29'),
  ('P6','F6','pies',7242,'94.04'),
  ('P7','F7','soups',1458,'57.22'),
  ('P8','F8','desserts',13167,'67.68'),
  ('P9','F9','cereals',0,'23.52'),
  ('P10','F10','pasta',13517,'74.43'),
  ('P11','F11','salads',6588,'96.84'),
  ('P12','F12','seafood',13452,'41.03'),
  ('P13','F13','cereals',2512,'42.94'),
  ('P14','F14','seafood',0,'90.21'),
  ('P15','F15','pies',1577,'63.30'),
  ('P16','F16','desserts',7392,'17.11'),
  ('P17','F17','pasta',14551,'12.66'),
  ('P18','F18','sandwiches',14232,'99.94'),
  ('P19','F19','soups',11805,'78.65'),
  ('P20','F20','desserts',2530,'16.64'),
  ('P21','F21','desserts',5301,'88.84');

INSERT INTO [ContractSet] (id_company_recipient,id_company_supplier,id_product,date_of_conclusion,deadline)
VALUES
  ('F1','F3','P1','2024-10-11 20:32:12',38),
  ('F2','F7','P2','2023-07-30 15:54:12',4),
  ('F3','F2','P3','2024-04-13 06:02:46',29),
  ('F4','F6','P4','2024-04-15 17:43:00',15),
  ('F5','F20','P5','2023-06-12 23:31:53',37),
  ('F6','F12','P6','2023-04-28 11:45:10',13),
  ('F7','F1','P7','2023-10-10 14:05:33',23),
  ('F8','F14','P8','2023-09-26 16:29:33',13),
  ('F9','F11','P9','2023-01-28 14:33:28',28),
  ('F10','F4','P10','2024-11-08 01:11:15',24),
  ('F11','F5','P11','2023-09-24 12:02:27',15),
  ('F12','F9','P12','2024-04-26 01:35:31',4),
  ('F13','F10','P13','2023-08-04 10:05:50',13),
  ('F14','F2','P14','2024-04-03 06:03:50',14),
  ('F15','F5','P15','2023-10-04 05:25:31',40),
  ('F16','F8','P16','2023-10-20 11:25:45',20),
  ('F17','F6','P17','2023-10-12 08:09:51',24),
  ('F18','F8','P18','2023-11-17 07:11:53',10),
  ('F19','F3','P19','2023-05-08 09:32:23',52),
  ('F20','F7','P20','2024-06-09 20:33:42',21),
  ('F21','F3','P21','2022-12-07 09:22:48',23);